Total Pressure [kPa], Mole Fraction Gas 1, Mole Fraction Gas 2, Partial Pressure Gas 1, Partial Pressure Gas 2, loading Gas 1 [mmol/g], loading Gas 2 [mmol/g], Selectivity 
0.1,0.05,0.95,0.005,0.095,0.024489154,0.059415987,7.831123415
0.5,0.05,0.95,0.025,0.475,0.120781221,0.293555518,7.817407795
1,0.05,0.95,0.05,0.95,0.237519146,0.578538859,7.800450569
2,0.05,0.95,0.1,1.9,0.459607271,1.124292376,7.767141653
5,0.05,0.95,0.25,4.75,1.046282467,2.591248452,7.671733234
10,0.05,0.95,0.5,9.5,1.817793195,4.589209592,7.525930122
25,0.05,0.95,1.25,23.75,3.231270775,8.571396727,7.162676829
50,0.05,0.95,2.5,47.5,4.289561761,12.14013161,6.713409386
100,0.05,0.95,5,95,4.984503807,15.49679836,6.11129926
